epoch,cooling_loan_loss,cooling_loan_root_mean_squared_error,heating_loan_loss,heating_loan_root_mean_squared_error,loss,val_cooling_loan_loss,val_cooling_loan_root_mean_squared_error,val_heating_loan_loss,val_heating_loan_root_mean_squared_error,val_loss
0,670.8609619140625,25.900983810424805,588.7562255859375,24.264299392700195,1259.6173095703125,680.8026733398438,26.092195510864258,599.36474609375,24.4819278717041,1280.16748046875
1,656.090087890625,25.614255905151367,577.519287109375,24.031631469726562,1233.6092529296875,665.394775390625,25.79524803161621,587.5,24.238399505615234,1252.894775390625
2,639.3541870117188,25.28545379638672,564.5315551757812,23.759872436523438,1203.8858642578125,646.3200073242188,25.42282485961914,572.3070678710938,23.92293930053711,1218.6270751953125
3,619.039306640625,24.88050079345703,548.4459838867188,23.41892433166504,1167.4852294921875,623.257080078125,24.965116500854492,554.2055053710938,23.54157066345215,1177.4625244140625
4,593.5982055664062,24.36387062072754,528.6617431640625,22.992645263671875,1122.260009765625,594.5525512695312,24.383447647094727,531.7717895507812,23.060176849365234,1126.324462890625
5,562.76904296875,23.722753524780273,504.6241149902344,22.46384048461914,1067.393310546875,560.204833984375,23.66864585876465,504.4608154296875,22.460205078125,1064.66552734375
6,525.922607421875,22.933002471923828,475.5122375488281,21.806243896484375,1001.4348754882812,519.2142944335938,22.786273956298828,471.7651672363281,21.720155715942383,990.9795532226562
7,483.8629150390625,21.996883392333984,441.8178405761719,21.01946258544922,925.6808471679688,474.4754333496094,21.78245735168457,435.1435241699219,20.86009407043457,909.618896484375
8,437.3934631347656,20.91395378112793,403.423828125,20.085412979125977,840.8171997070312,424.6147766113281,20.606182098388672,393.26422119140625,19.830890655517578,817.8790283203125
9,386.56829833984375,19.661340713500977,360.58270263671875,18.989015579223633,747.1510009765625,370.3417053222656,19.244264602661133,346.68939208984375,18.619596481323242,717.0311279296875
10,331.6473083496094,18.211185455322266,313.5860290527344,17.70836067199707,645.2333984375,312.0961608886719,17.666242599487305,295.9750671386719,17.20392608642578,608.0712280273438
11,274.33740234375,16.563133239746094,264.0658264160156,16.250102996826172,538.4032592773438,252.310302734375,15.884278297424316,243.2416534423828,15.596206665039062,495.5519714355469
12,217.6444854736328,14.752779006958008,214.1234893798828,14.632959365844727,431.7679748535156,198.385986328125,14.084956169128418,194.76950073242188,13.955984115600586,393.1554870605469
13,167.12176513671875,12.927557945251465,168.96685791015625,12.998724937438965,336.08868408203125,148.67086791992188,12.193066596984863,148.51502990722656,12.186674118041992,297.1859130859375
14,125.12384796142578,11.185876846313477,129.74606323242188,11.390612602233887,254.8699188232422,112.17140197753906,10.591099739074707,112.81753540039062,10.621560096740723,224.9889373779297
15,97.07981872558594,9.852909088134766,102.18351745605469,10.108586311340332,199.26333618164062,91.65731811523438,9.573782920837402,91.11971282958984,9.54566478729248,182.7770233154297
16,82.39958190917969,9.077421188354492,86.08989715576172,9.278464317321777,168.48948669433594,79.01148223876953,8.888840675354004,75.82532501220703,8.70777416229248,154.83680725097656
17,75.18962860107422,8.671195030212402,77.1842041015625,8.785453796386719,152.3738555908203,73.52366638183594,8.574594497680664,69.38737487792969,8.32990837097168,142.91104125976562
18,71.25098419189453,8.44102954864502,72.67243957519531,8.524812698364258,143.92343139648438,68.88156127929688,8.299491882324219,64.38961791992188,8.024313926696777,133.27117919921875
19,67.66727447509766,8.226012229919434,68.799072265625,8.294520378112793,136.4663543701172,65.09107208251953,8.067903518676758,60.21662902832031,7.759937286376953,125.30769348144531
20,64.37513732910156,8.023411750793457,65.218017578125,8.075767517089844,129.5931396484375,61.3535270690918,7.832849025726318,56.187095642089844,7.495805263519287,117.54061889648438
21,61.67021560668945,7.853038787841797,62.03190994262695,7.876033782958984,123.70213317871094,58.00558090209961,7.6161394119262695,52.5614013671875,7.249924182891846,110.56697845458984
22,58.962913513183594,7.678731441497803,59.06685256958008,7.6854963302612305,118.02976989746094,55.32124328613281,7.4378252029418945,49.876197814941406,7.062308311462402,105.19744110107422
23,56.89093017578125,7.54260778427124,56.70136642456055,7.530031204223633,113.59230041503906,53.012672424316406,7.280980110168457,47.38920593261719,6.883981704711914,100.4018783569336
24,54.760921478271484,7.400062084197998,54.38482666015625,7.374607086181641,109.14575958251953,50.916664123535156,7.135591506958008,45.14537048339844,6.719030380249023,96.06202697753906
25,52.870758056640625,7.271228313446045,52.20393753051758,7.225229263305664,105.07470703125,48.68880844116211,6.977736473083496,42.702640533447266,6.534725666046143,91.39144897460938
26,51.03817367553711,7.144100666046143,50.043582916259766,7.074149131774902,101.0817642211914,46.8686637878418,6.8460693359375,40.625152587890625,6.373786449432373,87.49381256103516
27,49.613197326660156,7.043663501739502,48.319618225097656,6.951231479644775,97.93281555175781,45.92011642456055,6.776438236236572,39.858192443847656,6.3133344650268555,85.7782974243164
28,48.26590347290039,6.947366714477539,46.92917251586914,6.850487232208252,95.19507598876953,44.59952163696289,6.678287506103516,38.5814094543457,6.211393356323242,83.18092346191406
29,46.52348709106445,6.820812702178955,45.13383865356445,6.718172073364258,91.65731048583984,43.00218963623047,6.557605266571045,36.3464241027832,6.028799533843994,79.3486099243164
30,45.58804702758789,6.75189208984375,43.803707122802734,6.618436813354492,89.39175415039062,41.48427963256836,6.440829277038574,35.13603210449219,5.927565574645996,76.62030792236328
31,44.310794830322266,6.656635284423828,42.392757415771484,6.510972023010254,86.70353698730469,40.949180603027344,6.3991546630859375,34.80757141113281,5.899794101715088,75.75675964355469
32,43.21654510498047,6.573929309844971,41.22661209106445,6.420795440673828,84.44316101074219,39.32490921020508,6.2709574699401855,32.98044204711914,5.742860317230225,72.30535125732422
33,42.10491180419922,6.488829612731934,40.07891082763672,6.3307905197143555,82.18382263183594,38.452701568603516,6.201024055480957,32.13136672973633,5.668453693389893,70.58406066894531
34,41.120018005371094,6.412489414215088,39.0606689453125,6.249853610992432,80.18070220947266,37.51731872558594,6.125138282775879,31.212236404418945,5.586791038513184,68.72954559326172
35,39.918174743652344,6.3180832862854,37.835323333740234,6.151042461395264,77.75350952148438,36.747467041015625,6.061968803405762,30.26601791381836,5.501455783843994,67.01348114013672
36,39.073001861572266,6.250840187072754,36.69147491455078,6.057348728179932,75.76448059082031,35.95820617675781,5.996516227722168,29.81125831604004,5.459968566894531,65.76947021484375
37,38.303253173828125,6.188961982727051,36.01315689086914,6.001096248626709,74.31640625,35.08940887451172,5.923631191253662,28.912578582763672,5.377041816711426,64.00198364257812
38,37.217010498046875,6.100574493408203,34.859928131103516,5.904229640960693,72.07694244384766,35.08776092529297,5.923492431640625,29.197792053222656,5.40349817276001,64.28555297851562
39,36.63589859008789,6.052759647369385,34.33731460571289,5.859805107116699,70.97320556640625,33.68396759033203,5.803789138793945,27.54729652404785,5.248551845550537,61.23126220703125
40,35.812713623046875,5.984372615814209,33.3743896484375,5.77705717086792,69.1871109008789,33.148231506347656,5.757450103759766,27.12958526611328,5.208606719970703,60.2778205871582
41,35.054012298583984,5.920642852783203,32.66103744506836,5.7149834632873535,67.71504974365234,32.73025894165039,5.721036434173584,26.93874168395996,5.1902546882629395,59.669010162353516
42,34.484962463378906,5.872389793395996,32.132896423339844,5.668588638305664,66.61785888671875,32.295867919921875,5.682945251464844,26.508771896362305,5.148666858673096,58.80464172363281
43,33.69717788696289,5.804926872253418,31.31923484802246,5.5963592529296875,65.01641082763672,31.63338279724121,5.624356269836426,25.750181198120117,5.074463844299316,57.383567810058594
44,33.063323974609375,5.7500715255737305,30.63242530822754,5.534656524658203,63.69575500488281,30.933399200439453,5.5617804527282715,25.31840705871582,5.031740188598633,56.25180435180664
45,32.34133529663086,5.686944484710693,29.941524505615234,5.471884727478027,62.282859802246094,30.297773361206055,5.504341125488281,24.47724723815918,4.94744873046875,54.775020599365234
46,31.598426818847656,5.6212477684021,29.090770721435547,5.393586158752441,60.68918991088867,30.349092483520508,5.5090012550354,24.70702362060547,4.970615863800049,55.05611801147461
47,31.02089500427246,5.569640636444092,28.637388229370117,5.351391315460205,59.65828323364258,29.465238571166992,5.428189277648926,23.866886138916016,4.885374546051025,53.332122802734375
48,30.421403884887695,5.515560150146484,27.9259033203125,5.284496307373047,58.347312927246094,28.962627410888672,5.3816938400268555,23.42941665649414,4.840394496917725,52.39204788208008
49,29.851736068725586,5.463674068450928,27.41920280456543,5.236334800720215,57.27093505859375,28.338542938232422,5.323395729064941,22.825897216796875,4.777645587921143,51.1644401550293
50,29.124319076538086,5.396695137023926,26.59119415283203,5.156664848327637,55.715518951416016,27.895103454589844,5.281581401824951,22.380048751831055,4.730755805969238,50.27515411376953
51,28.669429779052734,5.354383945465088,26.216787338256836,5.120233058929443,54.8862190246582,27.403308868408203,5.234817028045654,22.049821853637695,4.695724010467529,49.4531364440918
52,28.297739028930664,5.319561958312988,25.86212158203125,5.085481643676758,54.15985870361328,27.027454376220703,5.198793411254883,21.754058837890625,4.664124488830566,48.78151321411133
53,27.76176643371582,5.268943786621094,25.249267578125,5.02486515045166,53.01103210449219,26.52198028564453,5.149949550628662,21.285207748413086,4.613589286804199,47.80718994140625
54,27.21868324279785,5.2171525955200195,24.813961029052734,4.981361389160156,52.03264617919922,26.11618995666504,5.110400199890137,20.938079833984375,4.575814723968506,47.05426788330078
55,26.765684127807617,5.173556327819824,24.353116989135742,4.934887886047363,51.118804931640625,25.848115921020508,5.084104061126709,20.704788208007812,4.550251483917236,46.55290603637695
56,26.227384567260742,5.121267795562744,23.845441818237305,4.883179664611816,50.07282257080078,25.35686683654785,5.035560131072998,20.353864669799805,4.511525630950928,45.710731506347656
57,25.835695266723633,5.082882404327393,23.428495407104492,4.840299129486084,49.264190673828125,25.032236099243164,5.003222465515137,20.069395065307617,4.479887962341309,45.101627349853516
58,25.336240768432617,5.033511638641357,22.959287643432617,4.7915849685668945,48.2955207824707,24.52039337158203,4.951807022094727,19.636762619018555,4.431338787078857,44.15715408325195
59,24.848194122314453,4.984796524047852,22.41419792175293,4.734363555908203,47.262386322021484,24.19601058959961,4.918943881988525,19.358243942260742,4.3998003005981445,43.554256439208984
60,24.392902374267578,4.93891716003418,22.067249298095703,4.6975789070129395,46.46015167236328,23.83451271057129,4.882060527801514,19.091665267944336,4.369400978088379,42.926177978515625
61,23.840404510498047,4.882663726806641,21.555042266845703,4.642740726470947,45.395442962646484,23.40536117553711,4.837908744812012,18.63310432434082,4.31660795211792,42.0384635925293
62,23.514162063598633,4.849140167236328,21.2725830078125,4.6122212409973145,44.7867431640625,23.204299926757812,4.817084312438965,18.599767684936523,4.312744617462158,41.80406951904297
63,23.07662582397461,4.803813457489014,20.821369171142578,4.56304407119751,43.89799499511719,22.917142868041992,4.787185192108154,18.326223373413086,4.280913829803467,41.24336624145508
64,22.727691650390625,4.767356872558594,20.414894104003906,4.518284320831299,43.14259338378906,22.27337074279785,4.7194671630859375,17.74615478515625,4.212618350982666,40.01952362060547
65,22.228343963623047,4.714694499969482,19.96123695373535,4.467800140380859,42.18958282470703,21.83165740966797,4.672435760498047,17.414642333984375,4.173085689544678,39.246299743652344
66,21.976343154907227,4.687893390655518,19.804473876953125,4.450222015380859,41.780818939208984,21.566064834594727,4.643927574157715,17.21947479248047,4.149635314941406,38.78553771972656
67,21.644453048706055,4.652359962463379,19.389110565185547,4.40330696105957,41.033565521240234,21.160783767700195,4.600085258483887,16.86539649963379,4.106750011444092,38.026180267333984
68,21.197458267211914,4.604069709777832,19.088369369506836,4.36902379989624,40.28582763671875,20.878921508789062,4.569345951080322,16.60912322998047,4.075429439544678,37.48804473876953
69,20.816486358642578,4.562508583068848,18.716489791870117,4.326255798339844,39.53297805786133,20.538349151611328,4.531925678253174,16.308048248291016,4.038322448730469,36.846397399902344
70,20.326570510864258,4.508499622344971,18.18325424194336,4.2641825675964355,38.509822845458984,20.101253509521484,4.483442306518555,15.973803520202637,3.9967241287231445,36.07505798339844
71,20.047761917114258,4.47747278213501,17.967233657836914,4.238777160644531,38.01499557495117,19.682212829589844,4.436463832855225,15.67723560333252,3.95944881439209,35.35944747924805
72,19.78868293762207,4.448447227478027,17.6678466796875,4.203313827514648,37.45652770996094,19.477676391601562,4.413352012634277,15.449483871459961,3.9305832386016846,34.92715835571289
73,19.46473503112793,4.411885738372803,17.417625427246094,4.173442840576172,36.882354736328125,19.27082633972168,4.389854907989502,15.227961540222168,3.9023020267486572,34.4987907409668
74,19.068056106567383,4.366698741912842,17.021242141723633,4.125680923461914,36.08930206298828,19.31793212890625,4.395216941833496,15.643390655517578,3.955172538757324,34.96132278442383
75,18.911972045898438,4.348789691925049,16.902952194213867,4.1113200187683105,35.81492614746094,18.76158332824707,4.3314642906188965,15.006196975708008,3.8737833499908447,33.76778030395508
76,18.535303115844727,4.305264472961426,16.538536071777344,4.066760063171387,35.07383728027344,18.400259017944336,4.289552211761475,14.64924144744873,3.827432632446289,33.04949951171875
77,18.332014083862305,4.281589984893799,16.29500389099121,4.036706924438477,34.62702178955078,18.068798065185547,4.250741004943848,14.367961883544922,3.7905094623565674,32.4367561340332
78,17.8487548828125,4.224778652191162,15.882189750671387,3.985246419906616,33.7309455871582,18.125730514526367,4.257432460784912,14.765357971191406,3.84257173538208,32.89108657836914
79,17.76484489440918,4.214836120605469,15.890299797058105,3.9862639904022217,33.65514373779297,17.678438186645508,4.204573631286621,14.099458694458008,3.7549245357513428,31.777896881103516
80,17.35480499267578,4.165909767150879,15.613123893737793,3.9513444900512695,32.96792984008789,17.217008590698242,4.149338245391846,13.790743827819824,3.7135891914367676,31.007753372192383
81,17.044872283935547,4.128543376922607,15.203394889831543,3.899152994155884,32.248260498046875,17.394229888916016,4.1706390380859375,13.92368221282959,3.731445074081421,31.317913055419922
82,16.86001968383789,4.106095314025879,15.073525428771973,3.8824639320373535,31.93354606628418,16.654205322265625,4.08095645904541,13.229146957397461,3.6371893882751465,29.88335418701172
83,16.605358123779297,4.074967384338379,14.802349090576172,3.847382068634033,31.407703399658203,16.3605899810791,4.044822692871094,13.004188537597656,3.6061320304870605,29.364778518676758
84,16.28044891357422,4.0349040031433105,14.520204544067383,3.8105385303497314,30.800649642944336,16.147022247314453,4.018335819244385,12.860252380371094,3.5861194133758545,29.00727653503418
85,16.034616470336914,4.004324913024902,14.287723541259766,3.7799105644226074,30.32234001159668,15.8074951171875,3.9758641719818115,12.59628677368164,3.5491247177124023,28.403779983520508
86,15.801977157592773,3.975170135498047,14.099699020385742,3.7549564838409424,29.901681900024414,15.561513900756836,3.9448084831237793,12.382575988769531,3.518888473510742,27.944089889526367
87,15.561129570007324,3.9447598457336426,13.923996925354004,3.731487274169922,29.485124588012695,15.49502944946289,3.9363725185394287,12.536925315856934,3.5407521724700928,28.03195571899414
88,15.348660469055176,3.917736768722534,13.738471031188965,3.7065443992614746,29.087129592895508,15.101913452148438,3.886117935180664,12.056672096252441,3.4722719192504883,27.158586502075195
89,15.0391845703125,3.8780386447906494,13.500967025756836,3.6743662357330322,28.540149688720703,15.277373313903809,3.908627986907959,12.056922912597656,3.4723079204559326,27.33429527282715
90,14.88414478302002,3.857997417449951,13.246638298034668,3.6395931243896484,28.130783081054688,14.657852172851562,3.8285574913024902,11.656745910644531,3.4141976833343506,26.314598083496094
91,14.532185554504395,3.812110424041748,12.999056816101074,3.6054205894470215,27.5312442779541,15.41086483001709,3.9256675243377686,12.350464820861816,3.5143227577209473,27.761329650878906
92,14.469545364379883,3.8038854598999023,12.967460632324219,3.6010360717773438,27.437002182006836,14.855365753173828,3.8542659282684326,12.142699241638184,3.484637498855591,26.998065948486328
93,14.36867904663086,3.7906041145324707,12.86174488067627,3.58632755279541,27.23042106628418,14.185304641723633,3.766338348388672,11.327679634094238,3.365661859512329,25.512985229492188
94,14.160502433776855,3.7630443572998047,12.641013145446777,3.555420160293579,26.801515579223633,14.141777038574219,3.7605555057525635,11.35877513885498,3.3702781200408936,25.500553131103516
95,13.836274147033691,3.7197141647338867,12.366362571716309,3.5165839195251465,26.2026424407959,13.79059886932373,3.7135696411132812,10.985308647155762,3.3144092559814453,24.775907516479492
96,13.654684066772461,3.6952245235443115,12.172406196594238,3.4888975620269775,25.827091217041016,14.15163803100586,3.7618660926818848,11.270881652832031,3.357213258743286,25.42251968383789
97,13.4625825881958,3.6691391468048096,11.990954399108887,3.4627957344055176,25.453535079956055,13.3260498046875,3.6504862308502197,10.607268333435059,3.256880044937134,23.93331527709961
98,13.311716079711914,3.64852237701416,11.878223419189453,3.4464797973632812,25.189937591552734,13.496357917785645,3.673738956451416,10.863844871520996,3.296034812927246,24.360200881958008
99,13.205986976623535,3.6340043544769287,11.789849281311035,3.4336349964141846,24.99583625793457,13.663232803344727,3.696381092071533,10.974721908569336,3.312811851501465,24.63795280456543
100,13.04401683807373,3.611650228500366,11.6842622756958,3.418225049972534,24.72827911376953,12.95134449005127,3.598797559738159,10.302197456359863,3.2097036838531494,23.253543853759766
101,12.801538467407227,3.5779237747192383,11.423110008239746,3.3798091411590576,24.22464942932129,13.043366432189941,3.611560106277466,10.438755989074707,3.2309064865112305,23.48212432861328
102,12.873720169067383,3.5879967212677,11.496580123901367,3.3906607627868652,24.370302200317383,12.63949203491211,3.555206298828125,10.061184883117676,3.1719369888305664,22.70067596435547
103,12.514446258544922,3.53757643699646,11.235233306884766,3.3518998622894287,23.749679565429688,12.831245422363281,3.5820727348327637,10.170602798461914,3.189138174057007,23.001846313476562
104,12.345675468444824,3.513641357421875,11.012057304382324,3.3184421062469482,23.35773277282715,12.471250534057617,3.531465768814087,9.9308443069458,3.1513242721557617,22.402095794677734
105,12.174138069152832,3.4891457557678223,10.961132049560547,3.310760021209717,23.135272979736328,12.294256210327148,3.506316661834717,9.8891019821167,3.1446943283081055,22.18335723876953
106,12.127995491027832,3.482527256011963,10.892496109008789,3.3003780841827393,23.020490646362305,12.17981243133545,3.4899587631225586,9.743868827819824,3.1215171813964844,21.923681259155273
107,11.9632568359375,3.458794116973877,10.688448905944824,3.2693192958831787,22.651704788208008,12.306111335754395,3.5080068111419678,9.869287490844727,3.1415421962738037,22.175397872924805
108,11.918970108032227,3.4523861408233643,10.706007957458496,3.272003650665283,22.624980926513672,12.082554817199707,3.475996971130371,9.696235656738281,3.113878011703491,21.778793334960938
109,11.714296340942383,3.4226155281066895,10.47502613067627,3.2365145683288574,22.18932342529297,11.815398216247559,3.4373533725738525,9.513752937316895,3.084437131881714,21.32914924621582
110,11.530430793762207,3.395648717880249,10.395862579345703,3.224261522293091,21.926292419433594,12.628256797790527,3.5536258220672607,10.041985511779785,3.1689093112945557,22.670244216918945
111,11.669784545898438,3.416106700897217,10.422321319580078,3.2283620834350586,22.092105865478516,11.918936729431152,3.4523813724517822,9.504944801330566,3.0830090045928955,21.423879623413086
112,11.422062873840332,3.3796541690826416,10.190753936767578,3.192296028137207,21.612815856933594,11.473593711853027,3.3872692584991455,9.181166648864746,3.0300440788269043,20.654762268066406
113,11.31212043762207,3.363349676132202,10.12663459777832,3.182237386703491,21.438756942749023,11.424139976501465,3.3799614906311035,9.160722732543945,3.0266685485839844,20.584861755371094
114,11.202484130859375,3.3470113277435303,9.970121383666992,3.1575498580932617,21.172609329223633,11.308615684509277,3.362828493118286,9.075453758239746,3.01254940032959,20.384069442749023
115,11.000330924987793,3.3166747093200684,9.891484260559082,3.1450729370117188,20.891813278198242,11.644180297851562,3.4123570919036865,9.364812850952148,3.0601980686187744,21.008991241455078
116,10.920801162719727,3.30466365814209,9.836323738098145,3.13629150390625,20.757123947143555,11.306696891784668,3.3625431060791016,9.072957038879395,3.0121350288391113,20.379653930664062
117,10.796061515808105,3.285736083984375,9.719945907592773,3.117682695388794,20.516006469726562,11.263121604919434,3.3560574054718018,9.028100967407227,3.0046799182891846,20.291221618652344
118,10.818037986755371,3.2890784740448,9.653118133544922,3.1069467067718506,20.471158981323242,11.526211738586426,3.3950273990631104,9.284734725952148,3.047086238861084,20.81094741821289
119,10.770668029785156,3.281869649887085,9.577760696411133,3.0947957038879395,20.348430633544922,10.926883697509766,3.3055837154388428,8.746299743652344,2.957414388656616,19.67318344116211
120,10.680604934692383,3.2681195735931396,9.586703300476074,3.096240282058716,20.267309188842773,10.845561981201172,3.293260097503662,8.840875625610352,2.973361015319824,19.686437606811523
121,10.523650169372559,3.2440176010131836,9.423211097717285,3.0697250366210938,19.94685935974121,10.827947616577148,3.2905848026275635,8.703550338745117,2.9501779079437256,19.5314998626709
122,10.373017311096191,3.220716953277588,9.275360107421875,3.0455474853515625,19.64837646484375,10.697354316711426,3.2706809043884277,8.649696350097656,2.9410367012023926,19.3470516204834
123,10.323684692382812,3.2130491733551025,9.183517456054688,3.0304319858551025,19.5072078704834,10.61716079711914,3.2583985328674316,8.611225128173828,2.9344890117645264,19.228384017944336
124,10.222501754760742,3.1972646713256836,9.2418794631958,3.040045976638794,19.464380264282227,10.57850456237793,3.2524611949920654,8.541438102722168,2.9225738048553467,19.11994171142578
125,10.215229988098145,3.196127414703369,9.19625186920166,3.032532215118408,19.411483764648438,10.498218536376953,3.240095376968384,8.502495765686035,2.9159040451049805,19.000715255737305
126,10.095712661743164,3.177375078201294,8.982213973999023,2.9970343112945557,19.077926635742188,10.634535789489746,3.261063575744629,8.647958755493164,2.9407413005828857,19.282493591308594
127,10.02075481414795,3.165557622909546,8.817646980285645,2.969452381134033,18.838401794433594,10.39823055267334,3.2246286869049072,8.465574264526367,2.9095659255981445,18.86380386352539
128,10.007692337036133,3.1634936332702637,8.988348960876465,2.9980576038360596,18.996044158935547,10.42353630065918,3.2285501956939697,8.446549415588379,2.906294822692871,18.870084762573242
129,9.954737663269043,3.1551129817962646,8.924375534057617,2.9873692989349365,18.879114151000977,10.30745792388916,3.2105228900909424,8.350647926330566,2.8897488117218018,18.658103942871094
130,9.847066879272461,3.1380035877227783,8.825376510620117,2.9707534313201904,18.672441482543945,10.238629341125488,3.1997857093811035,8.306722640991211,2.88213849067688,18.545352935791016
131,9.886908531188965,3.14434552192688,8.788520812988281,2.9645440578460693,18.67542839050293,10.168620109558105,3.1888272762298584,8.25510311126709,2.873169422149658,18.423723220825195
132,9.741904258728027,3.1212024688720703,8.664613723754883,2.9435715675354004,18.406517028808594,10.237067222595215,3.1995418071746826,8.394865989685059,2.8973894119262695,18.631933212280273
133,9.530116081237793,3.0870885848999023,8.575255393981934,2.928353786468506,18.105371475219727,10.448857307434082,3.232469320297241,8.3380708694458,2.8875718116760254,18.78692626953125
134,9.6929349899292,3.1133477687835693,8.586668014526367,2.9303016662597656,18.279603958129883,10.138907432556152,3.1841650009155273,8.195316314697266,2.862746238708496,18.3342227935791
135,9.474451065063477,3.078059673309326,8.541542053222656,2.9225916862487793,18.015993118286133,10.492400169372559,3.2391974925994873,8.466020584106445,2.9096426963806152,18.958419799804688
136,9.522761344909668,3.085897207260132,8.465580940246582,2.90956711769104,17.98834228515625,10.126578330993652,3.1822285652160645,8.186951637268066,2.8612849712371826,18.313528060913086
137,9.567147254943848,3.093080520629883,8.50572681427002,2.9164578914642334,18.072874069213867,9.908562660217285,3.147786855697632,8.003532409667969,2.8290514945983887,17.91209602355957
138,9.304265975952148,3.0502893924713135,8.370498657226562,2.893181324005127,17.674762725830078,10.026460647583008,3.1664586067199707,8.05148983001709,2.837514638900757,18.07794952392578
139,9.28135871887207,3.046532154083252,8.27189826965332,2.8760907649993896,17.55325698852539,10.152042388916016,3.1862270832061768,8.168416023254395,2.858044147491455,18.320459365844727
140,9.22317886352539,3.03696870803833,8.099122047424316,2.845895767211914,17.322301864624023,10.793447494506836,3.2853381633758545,8.995383262634277,2.99923038482666,19.78883171081543
141,9.091118812561035,3.015148162841797,8.119194030761719,2.8494198322296143,17.21031379699707,9.883742332458496,3.1438419818878174,7.993803977966309,2.82733154296875,17.877546310424805
142,9.127561569213867,3.0211853981018066,8.08284854888916,2.8430349826812744,17.210411071777344,10.227462768554688,3.19804048538208,8.357210159301758,2.8908839225769043,18.584672927856445
143,9.137680053710938,3.022859573364258,8.089916229248047,2.844277858734131,17.227598190307617,9.799262046813965,3.1303772926330566,7.914992332458496,2.813359498977661,17.71425437927246
144,9.127130508422852,3.0211141109466553,8.055808067321777,2.83827543258667,17.182937622070312,9.769638061523438,3.1256420612335205,7.879373550415039,2.8070220947265625,17.64901351928711
145,9.050582885742188,3.008418560028076,8.154996871948242,2.8556954860687256,17.205581665039062,10.116536140441895,3.180650234222412,7.987712383270264,2.82625412940979,18.104248046875
146,8.97806167602539,2.9963414669036865,8.02083969116211,2.832108736038208,16.9989013671875,9.79944133758545,3.130405902862549,7.971216201782227,2.823334217071533,17.770658493041992
147,8.920614242553711,2.9867396354675293,7.938315391540527,2.8175015449523926,16.858928680419922,9.940020561218262,3.1527798175811768,8.001712799072266,2.8287298679351807,17.941734313964844
148,8.897770881652832,2.9829132556915283,7.8817524909973145,2.807446002960205,16.779521942138672,9.642800331115723,3.105285882949829,7.779904365539551,2.789247989654541,17.422704696655273
149,8.870271682739258,2.978300094604492,7.82721471786499,2.797715902328491,16.697486877441406,9.771875381469727,3.125999927520752,7.938040256500244,2.817452907562256,17.709915161132812
150,8.851659774780273,2.9751739501953125,7.859281539916992,2.803441047668457,16.710941314697266,9.729680061340332,3.119243621826172,7.8255438804626465,2.797417402267456,17.55522346496582
151,8.855916976928711,2.975889205932617,7.7800750732421875,2.789278507232666,16.6359920501709,9.606627464294434,3.0994560718536377,7.694162368774414,2.7738354206085205,17.300790786743164
152,8.669194221496582,2.944349527359009,7.666290283203125,2.7688066959381104,16.335485458374023,9.557878494262695,3.0915818214416504,7.731700420379639,2.7805936336517334,17.289579391479492
153,8.6460599899292,2.940418243408203,7.6508002281188965,2.766007900238037,16.296859741210938,9.52165699005127,3.0857181549072266,7.661993980407715,2.7680306434631348,17.183650970458984
154,8.707222938537598,2.9508004188537598,7.654496192932129,2.7666759490966797,16.361719131469727,9.473671913146973,3.0779330730438232,7.608426094055176,2.7583374977111816,17.082096099853516
155,8.634794235229492,2.938502073287964,7.6815314292907715,2.771557569503784,16.316328048706055,9.733176231384277,3.1198039054870605,7.767004489898682,2.7869346141815186,17.500181198120117
156,8.509162902832031,2.9170470237731934,7.528650283813477,2.7438385486602783,16.03781509399414,9.638227462768555,3.1045494079589844,7.723499774932861,2.779118537902832,17.361726760864258
157,8.443268775939941,2.9057302474975586,7.4400434494018555,2.727644205093384,15.883310317993164,9.606643676757812,3.099458694458008,7.682026386260986,2.7716469764709473,17.28866958618164
158,8.404467582702637,2.899045944213867,7.458418846130371,2.731010675430298,15.86288833618164,9.542367935180664,3.0890722274780273,7.584582328796387,2.754012107849121,17.126951217651367
159,8.530644416809082,2.920726776123047,7.52156400680542,2.742547035217285,16.052207946777344,10.00332260131836,3.1628029346466064,8.102986335754395,2.846574544906616,18.10630989074707
160,8.386215209960938,2.8958961963653564,7.381804466247559,2.716947555541992,15.768021583557129,9.43647575378418,3.0718846321105957,7.49123477935791,2.7370119094848633,16.927711486816406
161,8.390789985656738,2.89668607711792,7.447450160980225,2.729001760482788,15.838240623474121,9.372758865356445,3.0614962577819824,7.5046515464782715,2.739461898803711,16.877408981323242
162,8.327398300170898,2.885723114013672,7.3410539627075195,2.709437847137451,15.668452262878418,9.68943977355957,3.1127865314483643,7.7321014404296875,2.780665636062622,17.421541213989258
163,8.219321250915527,2.866935968399048,7.276237487792969,2.6974501609802246,15.495559692382812,9.52734375,3.086639642715454,7.643285274505615,2.7646491527557373,17.17062759399414
164,8.340789794921875,2.888042449951172,7.273315906524658,2.696908473968506,15.614102363586426,9.59394645690918,3.097409725189209,7.575114727020264,2.7522926330566406,17.16905975341797
165,8.197067260742188,2.8630521297454834,7.1942362785339355,2.6822073459625244,15.391304016113281,9.294672966003418,3.0487165451049805,7.399662971496582,2.7202322483062744,16.6943359375
166,8.187347412109375,2.861354112625122,7.155360221862793,2.67495059967041,15.342706680297852,9.271181106567383,3.044861316680908,7.353905200958252,2.711808443069458,16.625085830688477
167,8.131688117980957,2.851611375808716,7.17305850982666,2.6782565116882324,15.304746627807617,9.204819679260254,3.033944606781006,7.231484413146973,2.6891419887542725,16.43630599975586
168,8.034356117248535,2.83449387550354,7.030942916870117,2.651592493057251,15.06529712677002,9.173176765441895,3.0287253856658936,7.18927526473999,2.6812822818756104,16.36245346069336
169,8.035329818725586,2.8346657752990723,6.9393744468688965,2.6342692375183105,14.97470474243164,9.207124710083008,3.0343244075775146,7.321960926055908,2.7059121131896973,16.529085159301758
170,8.064723014831543,2.839845657348633,7.0157952308654785,2.6487345695495605,15.080516815185547,9.149346351623535,3.0247886180877686,7.165902614593506,2.6769204139709473,16.315248489379883
171,8.085799217224121,2.8435540199279785,7.0680012702941895,2.658571243286133,15.153800010681152,9.33604621887207,3.055494546890259,7.439230918884277,2.7274954319000244,16.775278091430664
172,7.944389343261719,2.8185791969299316,6.937201499938965,2.633856773376465,14.881587982177734,9.249938011169434,3.0413711071014404,7.352884769439697,2.711620330810547,16.60282325744629
173,7.988948345184326,2.826472759246826,6.890692710876465,2.6250128746032715,14.879643440246582,9.297321319580078,3.0491509437561035,7.375100135803223,2.7157135009765625,16.672420501708984
174,7.917448043823242,2.813796043395996,6.847780704498291,2.6168265342712402,14.765229225158691,9.199715614318848,3.0331032276153564,7.290616989135742,2.7001142501831055,16.490333557128906
175,7.933894157409668,2.8167169094085693,6.837880611419678,2.614934206008911,14.77177619934082,9.416494369506836,3.0686306953430176,7.4556050300598145,2.7304954528808594,16.872098922729492
176,7.875091075897217,2.8062591552734375,6.8424530029296875,2.6158082485198975,14.717544555664062,9.160723686218262,3.0266687870025635,7.189154624938965,2.681259870529175,16.349878311157227
177,7.849366188049316,2.8016719818115234,6.760105609893799,2.600020408630371,14.609472274780273,9.127182960510254,3.021122694015503,7.145299434661865,2.6730692386627197,16.272483825683594
178,7.837693691253662,2.799588203430176,6.745721340179443,2.597252607345581,14.583415985107422,9.2929048538208,3.048426628112793,7.260923862457275,2.694610118865967,16.553829193115234
179,7.776923179626465,2.7887134552001953,6.768824577331543,2.601696491241455,14.545748710632324,9.076351165771484,3.0126984119415283,7.158743858337402,2.6755828857421875,16.235095977783203
180,7.74617862701416,2.783195734024048,6.698299407958984,2.5881073474884033,14.444478988647461,9.080853462219238,3.0134453773498535,7.073142051696777,2.6595380306243896,16.153995513916016
181,7.6992974281311035,2.7747607231140137,6.6613030433654785,2.5809500217437744,14.36059856414795,9.238530158996582,3.0394949913024902,7.066403388977051,2.658270835876465,16.304933547973633
182,7.884024620056152,2.8078505992889404,6.747031211853027,2.5975048542022705,14.631054878234863,9.036890983581543,3.0061421394348145,7.194437503814697,2.6822447776794434,16.23133087158203
183,7.6485090255737305,2.7655937671661377,6.638053894042969,2.576442003250122,14.286563873291016,9.05905818939209,3.009826898574829,7.021437168121338,2.649799346923828,16.080495834350586
184,7.661015510559082,2.7678539752960205,6.49745512008667,2.5490105152130127,14.158472061157227,9.200398445129395,3.0332157611846924,7.223085880279541,2.687579870223999,16.42348289489746
185,7.572371006011963,2.7517940998077393,6.558058738708496,2.56087064743042,14.130428314208984,8.952291488647461,2.9920380115509033,6.971138954162598,2.640291452407837,15.923429489135742
186,7.621530532836914,2.760711908340454,6.485649108886719,2.546693801879883,14.10718059539795,9.067988395690918,3.01131010055542,7.0713934898376465,2.6592092514038086,16.139381408691406
187,7.517333030700684,2.7417755126953125,6.519482612609863,2.553327798843384,14.036816596984863,8.978781700134277,2.9964616298675537,6.924445629119873,2.631434202194214,15.903226852416992
188,7.516499996185303,2.741623640060425,6.488383769989014,2.5472307205200195,14.004883766174316,8.915595054626465,2.9858994483947754,6.929591178894043,2.6324117183685303,15.845186233520508
189,7.5103864669799805,2.7405083179473877,6.4381256103515625,2.537346124649048,13.94851303100586,9.008281707763672,3.00137996673584,7.072184085845947,2.659357786178589,16.08046531677246
190,7.436586856842041,2.727010488510132,6.391680717468262,2.528177261352539,13.828268051147461,9.13893985748291,3.0230679512023926,7.131297588348389,2.6704490184783936,16.270235061645508
191,7.37987756729126,2.716593027114868,6.430481433868408,2.535839319229126,13.810359954833984,8.927251815795898,2.9878506660461426,7.028365135192871,2.651106357574463,15.95561695098877
192,7.410950183868408,2.7223060131073,6.33570671081543,2.517082929611206,13.74665641784668,9.023151397705078,3.0038561820983887,6.969845771789551,2.6400465965270996,15.992997169494629
193,7.397489070892334,2.7198326587677,6.341916561126709,2.5183162689208984,13.739405632019043,8.915751457214355,2.9859256744384766,6.9419989585876465,2.6347672939300537,15.857749938964844
194,7.446259498596191,2.72878360748291,6.400285243988037,2.529878616333008,13.846545219421387,8.909930229187012,2.984950542449951,6.907609462738037,2.6282331943511963,15.81753921508789
195,7.3803391456604,2.7166779041290283,6.319293975830078,2.5138206481933594,13.699633598327637,8.833362579345703,2.972097396850586,6.820309638977051,2.611572265625,15.653671264648438
196,7.295984745025635,2.701107978820801,6.2931809425354,2.5086212158203125,13.589166641235352,8.857585906982422,2.9761695861816406,6.805997371673584,2.608830690383911,15.663581848144531
197,7.204940319061279,2.684201955795288,6.1618852615356445,2.4823145866394043,13.366826057434082,8.988261222839355,2.9980428218841553,6.968491554260254,2.6397900581359863,15.956753730773926
198,7.37318229675293,2.715360403060913,6.321388244628906,2.51423716545105,13.694568634033203,8.758979797363281,2.959557294845581,6.727853775024414,2.593810558319092,15.486834526062012
199,7.270840644836426,2.6964495182037354,6.147951602935791,2.479506254196167,13.418792724609375,8.769156455993652,2.961276054382324,6.751709938049316,2.598405361175537,15.520865440368652
200,7.201531410217285,2.6835668087005615,6.127938270568848,2.4754672050476074,13.329471588134766,8.76601791381836,2.9607462882995605,6.749546527862549,2.5979888439178467,15.515564918518066
201,7.210302829742432,2.6852006912231445,6.095492839813232,2.468905210494995,13.305795669555664,9.31230354309082,3.0516066551208496,7.113762378692627,2.667163848876953,16.42606544494629
202,7.233975410461426,2.6896049976348877,6.138346195220947,2.4775686264038086,13.372321128845215,8.932737350463867,2.9887685775756836,6.888098239898682,2.624518632888794,15.820834159851074
203,7.028361797332764,2.6511058807373047,6.0049357414245605,2.4504971504211426,13.033297538757324,8.971362113952637,2.9952232837677,6.811387538909912,2.609863519668579,15.782748222351074
204,7.162611961364746,2.6763057708740234,6.018794059753418,2.4533231258392334,13.181406021118164,8.699019432067871,2.9494099617004395,6.653901100158691,2.5795156955718994,15.352920532226562
205,7.120510101318359,2.668428421020508,6.008997917175293,2.4513256549835205,13.129508972167969,8.69751262664795,2.9491546154022217,6.610424518585205,2.5710744857788086,15.307936668395996
206,7.103476047515869,2.6652348041534424,5.996655464172363,2.4488070011138916,13.10013198852539,8.916080474853516,2.985980749130249,6.7606024742126465,2.6001157760620117,15.67668342590332
207,7.102645397186279,2.66507887840271,5.9481730461120605,2.438887596130371,13.050819396972656,8.709075927734375,2.9511144161224365,6.673336029052734,2.583280086517334,15.38241195678711
208,7.040733337402344,2.653438091278076,6.079493045806885,2.465662717819214,13.120226860046387,8.663230895996094,2.9433367252349854,6.598485469818115,2.568751811981201,15.26171588897705
209,7.0080790519714355,2.647277593612671,5.959321975708008,2.4411723613739014,12.967400550842285,8.666050910949707,2.9438157081604004,6.591736793518066,2.5674378871917725,15.257787704467773
210,7.002397060394287,2.6462042331695557,5.9288105964660645,2.4349148273468018,12.931206703186035,8.59522533416748,2.9317615032196045,6.645695686340332,2.5779247283935547,15.240921974182129
211,7.019125461578369,2.6493632793426514,5.934584140777588,2.4361002445220947,12.95370864868164,8.601985931396484,2.9329142570495605,6.576833724975586,2.5645337104797363,15.17881965637207
212,6.751998424530029,2.5984606742858887,5.65075159072876,2.3771309852600098,12.402749061584473,10.360051155090332,3.218703269958496,7.974297523498535,2.8238799571990967,18.334346771240234
213,7.0641679763793945,2.6578502655029297,5.851891040802002,2.4190683364868164,12.916060447692871,8.627549171447754,2.9372689723968506,6.519374847412109,2.5533065795898438,15.146924018859863
214,7.039720058441162,2.653247117996216,5.897538661956787,2.4284849166870117,12.937259674072266,8.751070976257324,2.958220958709717,6.635132789611816,2.5758750438690186,15.38620376586914
215,6.9553751945495605,2.6373045444488525,5.806375980377197,2.409642219543457,12.761749267578125,8.656404495239258,2.9421768188476562,6.521074295043945,2.5536394119262695,15.17747974395752
216,6.879368305206299,2.6228549480438232,5.8726396560668945,2.4233529567718506,12.752007484436035,8.551401138305664,2.9242777824401855,6.4624199867248535,2.5421290397644043,15.01382064819336
217,6.837456703186035,2.6148531436920166,5.740718364715576,2.395979642868042,12.578174591064453,8.507549285888672,2.9167704582214355,6.445908069610596,2.53887939453125,14.953457832336426
218,6.796126365661621,2.606938123703003,5.691625595092773,2.3857128620147705,12.487751007080078,8.557541847229004,2.9253275394439697,6.405830383300781,2.5309741497039795,14.963371276855469
219,6.930924415588379,2.632664918899536,5.729327201843262,2.393601417541504,12.66025161743164,8.617822647094727,2.935612916946411,6.511167049407959,2.551698923110962,15.128989219665527
220,6.836864471435547,2.6147398948669434,5.722317218780518,2.392136573791504,12.559181213378906,8.65639877319336,2.94217586517334,6.453866958618164,2.5404462814331055,15.110267639160156
221,6.749383449554443,2.5979576110839844,5.673111915588379,2.3818295001983643,12.422494888305664,8.578099250793457,2.9288392066955566,6.479889392852783,2.545562744140625,15.057988166809082
222,6.727839946746826,2.5938079357147217,5.656242847442627,2.3782856464385986,12.38408374786377,8.494632720947266,2.914555311203003,6.362399578094482,2.5223796367645264,14.85703182220459
223,6.700283527374268,2.5884904861450195,5.568301200866699,2.359724760055542,12.268583297729492,8.659564971923828,2.942713975906372,6.4529924392700195,2.540274143218994,15.112556457519531
224,6.707119464874268,2.589810609817505,5.5996551513671875,2.366358995437622,12.306775093078613,8.516155242919922,2.918245315551758,6.311381816864014,2.5122463703155518,14.827537536621094
225,6.718964099884033,2.5920965671539307,5.6402692794799805,2.374925136566162,12.359232902526855,8.55289363861084,2.9245331287384033,6.408234119415283,2.53144907951355,14.961128234863281
226,6.705566883087158,2.589510917663574,5.563334941864014,2.3586723804473877,12.268902778625488,8.492679595947266,2.9142203330993652,6.437494277954102,2.537221670150757,14.93017292022705
227,6.664588451385498,2.5815863609313965,5.601013660430908,2.3666460514068604,12.265603065490723,8.379410743713379,2.894721269607544,6.238401412963867,2.4976792335510254,14.617812156677246
228,6.6567063331604,2.580059289932251,5.615946292877197,2.3697988986968994,12.272652626037598,8.703068733215332,2.950096368789673,6.4637770652771,2.542395830154419,15.166845321655273
229,6.76072359085083,2.6001391410827637,5.542253017425537,2.354198932647705,12.302977561950684,8.628334045410156,2.9374024868011475,6.4941911697387695,2.548370361328125,15.122525215148926
230,6.641783714294434,2.5771658420562744,5.486724853515625,2.3423759937286377,12.128510475158691,8.550636291503906,2.924147129058838,6.392741680145264,2.5283870697021484,14.943377494812012
231,6.692939281463623,2.587071657180786,5.499526023864746,2.345106840133667,12.192466735839844,8.432208061218262,2.9038264751434326,6.268611907958984,2.5037195682525635,14.700820922851562
232,6.613255500793457,2.571624994277954,5.442589282989502,2.3329358100891113,12.055845260620117,8.372831344604492,2.8935844898223877,6.2641730308532715,2.5028328895568848,14.637003898620605
233,6.510511875152588,2.551570415496826,5.390986442565918,2.321849822998047,11.90149974822998,8.307510375976562,2.882275104522705,6.161785125732422,2.4822943210601807,14.469295501708984
234,6.621499061584473,2.5732274055480957,5.4706130027771,2.3389341831207275,12.09211540222168,8.275779724121094,2.876765489578247,6.099908828735352,2.469799280166626,14.375688552856445
235,6.524341583251953,2.554279088973999,5.386162281036377,2.3208107948303223,11.910504341125488,8.292933464050293,2.8797454833984375,6.201916694641113,2.4903647899627686,14.494851112365723
236,6.487998008728027,2.5471549034118652,5.324370861053467,2.307459831237793,11.812368392944336,8.836000442504883,2.972541093826294,6.587306976318359,2.566575050354004,15.423306465148926
237,6.495936393737793,2.548712730407715,5.394880294799805,2.322688102722168,11.890815734863281,8.4830322265625,2.912564516067505,6.248666763305664,2.4997334480285645,14.731698989868164
238,6.415937423706055,2.5329701900482178,5.292339324951172,2.300508499145508,11.70827865600586,8.773514747619629,2.9620120525360107,6.641870498657227,2.5771827697753906,15.415386199951172
239,6.511541843414307,2.551772356033325,5.411715984344482,2.3263094425201416,11.923257827758789,8.238080024719238,2.8702056407928467,6.092530250549316,2.4683051109313965,14.330610275268555
240,6.467034816741943,2.543036460876465,5.3330769538879395,2.3093454837799072,11.800111770629883,8.438315391540527,2.9048779010772705,6.205695629119873,2.4911234378814697,14.644011497497559
241,6.412230491638184,2.532238245010376,5.18643856048584,2.2773754596710205,11.59866714477539,8.268684387207031,2.8755319118499756,6.0574870109558105,2.461196184158325,14.326171875
242,6.492465496063232,2.548031806945801,5.290423393249512,2.3000919818878174,11.782888412475586,8.192859649658203,2.8623170852661133,6.004520893096924,2.4504122734069824,14.197381019592285
243,6.373932838439941,2.524664878845215,5.2491326332092285,2.2910985946655273,11.623065948486328,8.568803787231445,2.9272518157958984,6.3016157150268555,2.5103018283843994,14.870418548583984
244,6.344005584716797,2.518730878829956,5.249732971191406,2.291229486465454,11.593737602233887,8.304903030395508,2.8818228244781494,6.144639492034912,2.4788384437561035,14.449542045593262
245,6.352723598480225,2.520461082458496,5.22239875793457,2.285256862640381,11.575121879577637,8.13016414642334,2.851344347000122,6.016629695892334,2.4528818130493164,14.146793365478516
246,6.3326921463012695,2.516484022140503,5.1648335456848145,2.272627115249634,11.497522354125977,8.106727600097656,2.84723162651062,5.9793701171875,2.445275068283081,14.08609676361084
247,6.359131813049316,2.5217318534851074,5.2934675216674805,2.300753593444824,11.65259838104248,8.368390083312988,2.8928170204162598,6.111733913421631,2.4721920490264893,14.480125427246094
248,6.314846992492676,2.5129358768463135,5.216336250305176,2.2839300632476807,11.531184196472168,8.37836742401123,2.894541025161743,6.06721830368042,2.463172435760498,14.445584297180176
249,6.299823760986328,2.5099449157714844,5.145167350769043,2.268296241760254,11.444990158081055,8.216050148010254,2.866365432739258,5.963165760040283,2.4419593811035156,14.179216384887695
250,6.265310764312744,2.5030603408813477,5.142329216003418,2.2676703929901123,11.407641410827637,8.113901138305664,2.8484909534454346,5.959590911865234,2.441227436065674,14.073492050170898
251,6.2490105628967285,2.4998021125793457,5.090404033660889,2.256192445755005,11.339415550231934,8.118659019470215,2.8493261337280273,6.019026756286621,2.4533705711364746,14.137686729431152
252,6.264987468719482,2.502995729446411,5.115149974822998,2.261669635772705,11.38013744354248,8.21572494506836,2.8663086891174316,6.0065083503723145,2.450817823410034,14.222233772277832
253,6.308337688446045,2.5116405487060547,5.036259174346924,2.2441611289978027,11.344595909118652,8.294857025146484,2.8800792694091797,6.13209867477417,2.4763073921203613,14.426956176757812
254,6.195925235748291,2.489161491394043,5.03737735748291,2.244410276412964,11.233302116394043,8.060050010681152,2.839022636413574,5.905486583709717,2.4301207065582275,13.965535163879395
255,6.235565185546875,2.4971113204956055,5.006559371948242,2.237534284591675,11.242125511169434,8.117308616638184,2.8490891456604004,5.999548435211182,2.449397563934326,14.11685848236084
